Name,Categories,Years Active Start,Birthdate,Years Active End,Deathdate,City,Neighborhood,Coordinates
Big Pun,rapper,1992,11/10/1971,2000,2/7/2000,New York,South Bronx,"40.823268, -73.92201"
Poison Clan,group,1990,,1995,,Miami,,"25.759119, -80.232722"
Rae Sremmurd,group,2013,,,,Tupelo,Ida Street Housing Projects,"34.251084, -88.731701"
C Murder,rapper,1991,3/9/1971,,,New Orleans,Calliope Projects,"29.950324, -90.092356"
Beyoncé,singer,1997,9/4/1981,,,Houston,Third Ward,"29.735598, -95.360741"
Goodie Mob,group,1991,,,,Atlanta,,"33.745522, -84.373254"
Big Sean,rapper,2007,3/25/1988,,,Detroit,,"42.3645, -82.9975"
Tandem,group,1999,,2012,,Aubervilliers,,"48.915267, 2.387739"
Orishas,group,1999,,,,Havana,,"23.064862, -82.337521"
Brulux,rapper,,,,,Paris,,"48.884682, 2.33891"
Immortal Technique,rapper,2000,2/19/1978,,,New York,Harlem,"40.786914, -73.952751"
Wiley,producer;rapper,1996,1/19/1979,,,East London,Bow,"51.525414, -0.027722"
UGK,group,1992,,2009,,Port Arthur,,"29.8839586, -93.9479217"
Roi Heenok,producer;rapper,,,,,Montreal,Rive Sud,"45.435, -73.461111"
Kendrick Lamar,rapper,,6/17/1987,,,Los Angeles,Compton,"33.915222, -118.253387"
Kanye West,producer;rapper,,,,,Chicago,Oak Lawn,"41.698532, -87.769401"
N.W.A,group,,,,,Los Angeles,Compton,"33.89033, -118.2314667"
Shurik'n,rapper,,,,,Miramas,,"43.582222, 5.001944"
Jay Rock,rapper,2003,3/31/1985,,,Watts,Nickerson Gardens projects,"33.930751, -118.24893"
Logic,rapper,2009,1/22/1990,,,Gaithersburg,West Deer Park,"39.129334, -77.200791"
PNB Rock,rapper;singer,2014,12/9/1991,,,Philadelphia,,"39.94256, -75.169965"
Less du neuf,group,1994,,2008,,Meudon,,"48.812169, 2.237701"
Kaytranada,producer / dj,2010,8/25/1992,,,Montreal,,"45.557665, -73.655446"
Yellow Claw,group,2010,,,,Amsterdam,,"52.364643, 4.882136"
Charisma.com,group,2011,,,,Kanagawa,,"35.502375, 139.617799"
Alaclair Ensemble,group,2010,,,,Québec City,,"46.799729, -71.238712"
Jeanjass,producer / dj;rapper,,,,,Charleroi,,"50.40959, 4.443352"
Warren G,producer;rapper,1992,11/10/1970,,,Los Angeles,Long Beach,"33.800424, -118.143048"
MHD,rapper;singer,2015,11/28/1994,,,Paris,,"48.877353, 2.372835"
Mick Jenkins,rapper,2012,4/16/1991,,,Chicago,,"41.7293151, -87.6092301"
La Fouine,rapper;singer,2001,12/25/1981,,,Trappes,,"48.776816, 1.98633"
The St. Lunatics,group,1993,,,,St. Louis,,"38.60635, -90.226303"
Tech N9ne,rapper,1991,11/8/1971,,,Kansas City,,"39.010342, -94.593968"
La caution,group,1999,,,,Noisy-le-Sec,,"48.895434, 2.458637"
Beastie Boys,group,,,,,New York,,"40.741088, -73.995674"
Ledé Markson,rapper,2016,,,,Liège,,"50.641616, 5.567071"
Ixzo,rapper,,,,,Sevran,,"48.935611, 2.524423"
Necro,rapper,2000,6/7/1976,,,Brooklyn,Glenwood Houses,"40.636075, -73.919377"
Roots Manuva,producer / dj;rapper,1994,9/9/1972,,,London,Stockwell,"51.465986, -0.11643"
Busta Flex,rapper,,9/30/1977,,,Épinay-sur-Seine,Orgemont,"48.957826, 2.29537"
U-God,rapper,,,,,Brooklyn,Brownsville,"40.665087, -73.907668"
Run–D.M.C.,group,,,,,Queens,Hollis,"40.706475, -73.753115"
Three 6 Mafia,group,,,,,Memphis,,"35.117365, -89.971068"
Peewee Longway,rapper,,,,,Atlanta,,"33.75054, -84.32415"
Little Simz,rapper;singer,2010,2/23/1994,,,London,Islington,"51.55267, -0.101174"
Machine Gun Kelly,rapper,2006,4/22/1990,,,Cleveland,,"41.472464, -81.569683"
"Royce da 5'9""",rapper,1995,7/5/1977,,,Detroit,Oak Park,"42.464894, -83.180213"
Hocus Pocus,group,1995,,,,Nantes,,"47.227223, -1.541622"
Hugo TSR,rapper,2005,,,,Paris,La Chapelle,"48.891806, 2.363621"
Frank Ocean,rapper;singer,2005,10/28/1987,,,New Orleans,,"30.011073, -90.107302"
Morlockk Dilemma,producer / dj;rapper,2001,9/11/1981,,,Leipzig,Grünau,"51.319083, 12.29356"
Georgio,rapper,2007,1/21/1993,,,Paris,18th,"48.887897, 2.353752"
Main Attrakionz,group,2009,,,,Oakland,,"37.814641, -122.265217"
Black Kray,rapper,2001,,,,Richmond,,"37.53993, -77.444799"
La Smala﻿,group,2007,,,,Bruxelles,,"50.817108, 4.322222"
Ichon,rapper,2014,,,,Paris,Montreuil,"48.852981, 2.426873"
Q-Tip,producer;rapper,,4/10/1970,,,St Albans,Queens,"40.692396, -73.774743"
Big L,rapper,1990,5/30/1974,1999,2/15/1999,New York,Harlem,"40.816705, -73.939898"
Kurupt,rapper,1991,11/23/1972,,,Los Angeles,Hawthorne,"33.897352, -118.339833"
El-P,producer;rapper,1993,3/2/1975,,,Brooklyn,,"40.690284, -73.984371"
Doc Gynéco,producer;rapper;singer,,,,,Paris,Porte de la Chapelle,"48.8972825, 2.3570033"
2 Live Crew,group,1982,,1998,,Miami,,"25.76989, -80.198741"
Queen Latifah,rapper;singer,,3/18/1970,,,East Orange,,"40.765586, -74.213075"
Eminem,rapper,,10/17/1972,,,Detroit,,"42.442723, -83.000062"
Playa Fly,rapper,,,,,Memphis,,"35.1072904, -90.0433016"
Ali,rapper,,,,,Issy-les-Moulineaux,,"48.823889, 2.27"
New African Poets,group,1988,,,,Strasbourg,Neuhof,"48.541235, 7.771827"
OG Maco,rapper,2011,4/23/1992,,,Atlanta,College Park,"33.618017, -84.471013"
Blackalicious,group,1994,,,,Sacramento,,"38.504414, -121.535965"
Arianna Puello,rapper,1998,1/16/1977,,,Girona,Salt,"41.971135, 2.789179"
Jorrdee,producer / dj;rapper,2011,,,,Lyon,Mermoz,"45.731094, 4.885971"
Coyote Jo Bastard,rapper,2012,3/10/2017,,3/10/2017,Paris,17ème arrondissement,"48.884824, 2.304811"
Sam's,producer / dj;rapper,2000,11/9/1983,,,Bordeaux,,"44.82514, -0.572409"
Kalash l'Afro,rapper,1995,,,,Berre-l'Étang,,"43.503402, 5.162041"
Swagg man,rapper,2008,12/23/1988,,,Paris,,"48.871828, 2.301179"
Noir Fluo,group,2010,,2012,,Paris,,"48.843551, 2.391187"
Schoolboy Q,rapper,2009,10/26/1986,,,Los Angeles,South Central,"33.996441, -118.289418"
Grandmaster Flash,producer;rapper,,1/1/1958,,,New York,Bronx,"40.8103, -73.9074"
Fonky Family,group,1994,,2007,,Marseille,,"43.3469594, 5.3456365"
Talib Kweli,rapper,1996,10/3/1975,,,Brooklyn,Park Slope,"40.669413, -73.980175"
T-Pain,singer,2004,10/30/1985,,,Tallahassee,,"30.433084, -84.295997"
Fetty Wap,rapper,2014,6/7/1991,,,Paterson,,"40.914216, -74.158708"
Mobb Deep,group,,,,,Queens,Queensbridge,"40.754335, -73.94694"
Rob Quest,producer;rapper,1988,,,,Houston,,"29.794945, -95.416531"
Ice Cube,rapper,,,,,Los Angeles,Compton,"33.9367515, -118.3135802"
Gangsta Boo,rapper,,,,,Memphis,,"35.0616103, -89.9198745"
Lil Boosie,rapper,,,,,Baton Rouge,,"30.3745861, -91.1254726"
Lil B,producer;rapper,,,,,Berkeley,,"37.89589, -122.292421"
Lil Wayne,rapper,,,,,New Orleans,,"29.96192, -90.123563"
Seth Gueko,rapper,,,,,Saint-Ouen-l'Aumône,,"49.05, 2.1167"
Lil Durk,rapper,,,,,Chicago,,"41.7775982, -87.649594"
Fat Pat,rapper,1993,12/4/1970,1998,2/3/1998,Houston,,"29.619981, -95.342376"
Proof,rapper,1992,10/2/1973,2006,4/11/2006,Detroit,,"42.443729, -82.986971"
Vic Mensa,rapper,2009,6/6/1993,,,Chicago,Hyde Park,"41.799292, -87.592528"
The Dope Poet Society,group,1995,,,,Toronto,,"43.658573, -79.544233"
Kid Cudi,rapper;singer,2003,1/30/1984,,,Cleveland,Shaker Heights,"41.476389, -81.551667"
PNL,group,2014,,,,Corbeil-Essonnes,Cité des Tarterêts,"48.613633, 2.465612"
Riff Raff,rapper,2005,1/29/1982,,,Houston,Copperfield,"29.88028, -95.67729"
Scred Connexion,group,1995,,,,Paris,La goutte d'or,"48.887577, 2.349508"
LL Cool J,rapper,,,,,Hollis,Queens,"40.709236, -73.764675"
De La Soul,group,1987,,,,New York,Long Island,"40.670466, -73.412484"
Yelawolf,rapper,2005,12/30/1979,,,Nashville,,"36.143001, -86.786701"
Method Man,rapper,,,,,Staten Island,Clifton,"40.6141896, -74.0806547"
B.G.,rapper,1993,9/3/1980,,,New Orleans,13th Ward,"29.936885, -90.10663"
Philthy Rich,rapper,2007,1/30/1983,,,Oakland,,"37.735113, -122.15674"
Ghandi,rapper,2001,8/1/1980,,,Evere,Germinal,"50.871221, 4.407127"
Tommy Cash,rapper,2015,,,,Tallinn,,"59.422738, 24.713158"
Di-Meh,producer / dj;rapper,2014,6/30/1995,,,Geneva,,"46.204014, 6.116622"
Dinos Punchlinovic,rapper,2012,,,,Seine-Saint-Denis,La Courneuve,"48.931401, 2.397335"
A2h,rapper,2010,,,,Melun,,"48.540599, 2.656085"
The Sugarhill Gang,group,,,,,Englewood,,"40.89204, -73.976025"
Public Enemy,group,,,,,Long Island,,"40.721565, -73.651272"
Niro,rapper,,,,,Blois,,"47.593889, 1.328056"
Booba,rapper,,,,,Boulogne-Billancourt,,"48.835198, 2.240947"
Damso,producer;rapper,,,,,Bruxelles,,"50.8353541, 4.3508639"
Turk,rapper,1996,2/8/1981,,,New Orleans,Magnolia Street,"29.938541, -90.09561"
RBL Posse,group,1991,,2003,,San Francisco,Hunters Point,"37.740255, -122.386128"
Raider Klan,group,2008,,,,Miami,Carol City,"25.947376, -80.270063"
Nacho Picasso,rapper,2010,10/30/1983,,,Seatle,,"47.564748, -122.327673"
San E,rapper,2010,1/23/1985,,,Incheon,,"37.450782, 126.694114"
Lil Shaolin,rapper,2014,,,,Besançon,Planoise,"47.222121, 5.96947"
The Doppelgangaz,group,2008,,,,Orange County,,"41.482909, -74.044964"
Dadoo,producer / dj;rapper,1994,,,,Toulouse,,"43.593104, 1.435427"
Djadja & Dinaz,group,2014,,,,Meaux,,"48.958451, 2.888862"
Ice-T,rapper,1982,2/16/1958,,,Los Angeles,Crenshaw,"33.996677, -118.329661"
Roll Deep,group,2002,,2013,,East London,Bow,"51.520816, -0.031006"
Masta Killa,rapper,,8/18/1969,,,Brooklyn,East New York,"40.663512, -73.884644"
Kris Kross,group,1991,,2001,,Atlanta,,"33.757016, -84.387607"
DMX,rapper,,6/18/1970,,,Yonkers,School Street Project,"40.929818, -73.894868"
The Roots,group,1987,,,,Philadelphia,,"39.939281, -75.166016"
Professor Griff,rapper,,,,,Long Island,Roosevelt,"40.66777, -73.571204"
Starflam,group,1996,,,,Liege,,"50.610088, 5.554746"
Russ,producer / dj;rapper,2007,9/26/1992,,,Roswell,,"34.04598, -84.354128"
D T F,group,2015,,,,Ivry Sur Seine,,"48.811446, 2.390445"
Metek,rapper,1996,,,,Paris,,"48.850113, 2.408641"
Joe Lucazz,rapper,,,,,Paris,,"48.877712, 2.333068"
DJ Screw,producer,1983,7/20/1971,2000,11/16/2000,Houston,,"29.6897814, -95.2925514"
Problem,rapper,2006,5/8/1985,,,Los Angeles,Compton,"33.876146, -118.225416"
Curren$y,rapper,2002,4/4/1981,,,New Orleans,,"30.0220037, -89.9853088"
Ja Rule,rapper;singer,1993,2/29/1976,,,Queens,Hollis,"40.7078275, -73.7548656"
Mozzy,rapper,2004,6/24/1987,,,Sacramento,Oak Park,"38.548291, -121.457188"
Sofiane,rapper,2007,7/21/1986,,,Blanc Ménil,,"48.924417, 2.47266"
J. Cole,rapper;singer,2009,1/28/1985,,,Fayetteville,,"35.04902, -78.945374"
Alpha 5.20,rapper,2001,,,,Épinay-sur-Seine,Orgemont,"48.955525, 2.295619"
Les Sages Poètes de la Rue,group,1987,,,,Boulogne-Billancourt,,"48.830859, 2.228994"
Miiiiz,rapper,,,,,Geneva,,"46.213102, 6.132243"
A$AP Rocky,rapper,2007,10/3/1988,,,New York,Harlem,"40.8047574, -73.9551409"
DJ Kool Herc,producer,,,,,New York,Bronx,"40.847078, -73.924342"
Nicki Minaj,rapper;singer,,,,,New York,Queens,"40.674942, -73.791237"
Lacrim,rapper,,,,,Chevilly-Larue,Cité Anatole France,"48.7650549, 2.3640913"
Inspectah Deck,producer;rapper,,7/6/1970,,,Staten Island,,"40.612005, -74.070152"
Kool Shen,rapper,,,,,Saint-Denis,,"48.9426404, 2.3702192"
E-40,rapper,,,,,Vallejo,,"38.1013977, -122.217963"
OJ Da Juiceman,rapper,2003,11/23/1981,,,Atlanta,Sun Valley Appartements,"33.715384, -84.327938"
NoClue,rapper,2004,1/28/1985,,,Seattle,,"47.563401, -122.38474"
Daddy Lord C,rapper,1991,,,,Nemours,Mont-Saint-Martin,"48.268683, 2.706585"
Passi,rapper,1992,12/21/1972,,,Sarcelle,,"48.978217, 2.37766"
Masta Ace,rapper,1988,12/4/1966,,,Brooklyn,Brownsville,"40.658914, -73.914589"
Ed O.G.,rapper,1987,11/27/1970,,,Boston,Roxbury,"42.316504, -71.091491"
Will Smith,rapper,1985,9/25/1968,,,Philadelphia,Wynnefield,"39.995682, -75.2456616"
Post Malone,rapper,2015,7/4/1995,,,Grapevine,,"32.933703, -97.08858"
Das EFX,group,1988,,,,New York,,"40.71831, -74.002303"
Freeze Corleone,rapper,2013,,,,Paris,Gentilly,"48.812902, 2.344257"
Soulja Slim,rapper,1993,9/9/1977,2003,11/26/2003,New Orleans,Magnolia Projects,"29.938657, -90.09366"
Guru,rapper,1986,7/17/1961,2010,4/19/2010,Boston,Roxbury,"42.314443, -71.090405"
Juvenile,rapper,1991,3/25/1975,,,New Orleans,Magnolia Projects,"29.940431, -90.092142"
Dizzee Rascal,producer;rapper,2000,9/18/1984,,,East London,Bow,"51.530437, -0.037101"
The Game,rapper,2002,11/29/1979,,,Los Angeles,Compton,"33.891111, -118.227222"
Busta Rhymes,rapper,,5/20/1972,,,New York,Uniondale,"40.695383, -73.591274"
Young Buck,rapper,1993,3/15/1981,,,Nashville,,"36.139026, -86.829136"
Grandmaster Caz,rapper,,,,,New York,Bronx,"40.834026, -73.927452"
Kamelancien,rapper,1993,5/13/1980,,,Kremlin-Bicêtre,Cité des Martinets,"48.806989, 2.348219"
Jazz Cartier,rapper,2011,3/19/1993,,,Toronto,,"43.65811, -79.384661"
Shing02,producer / dj;rapper,1996,,,,San Francisco,,"37.73531, -122.48799"
Biffty,rapper,2015,,,,Aulnay sous bois,,"48.923861, 2.494209"
Prince Waly,rapper,,12/24/1991,,,Montreuil,,"48.869443, 2.457461"
Youssef Swatt's,rapper,,,,,Tournai,,"50.60876, 3.34765"
Juicy J,producer;rapper,,,,,Memphis,Hollywood,"35.1754, -89.9752"
MC Solaar,producer;rapper;singer,,,,,Villeneuve-Saint-Georges,Quartier Nord,"48.7511682, 2.4485109"
Killer Mike,rapper,,,,,Atlanta,,"33.746667, -84.415278"
Aelpéacha,producer;rapper,,,,,Joinville-le-Pont,,"48.8207209, 2.4698424"
Sefyu,rapper,2004,4/20/1981,2015,,Aulnay-sous-Bois,Cité Nouvelle Emmaüs,"48.950124, 2.491753"
Sadek,rapper,2012,5/25/1991,,,Seine-Saint-Denis,Neuilly-Plaisance,"48.862005, 2.508656"
Freddie Gibbs,rapper,2003,6/14/1982,,,Gary,Eastside,"41.598388, -87.329498"
The Weeknd,singer,2010,2/16/1990,,,Toronto,Scarborough,"43.771708, -79.23835"
Rob Stone,rapper,2014,1/25/1995,,,San Diego,,"32.939272, -117.159074"
Newham Generals,group,2004,,,,London,Forest Gate,"51.545613, 0.025349"
Dany Dan,rapper,1993,11/20/1973,,,Boulogne-Billancourt,,"48.833172, 2.231573"
Rap Monster,rapper,2013,9/12/1994,,,Ilsan,,"37.668572, 126.79004"
Nèg' Marrons,group,1995,,,,Garges-Sarcelles,,"48.969739, 2.401814"
7liwa,rapper,2011,,,,Casablanca,,"33.580666, -7.611599"
Graig David,rapper;singer,1999,5/5/1981,,,Southampton,Holyrood Estate,"50.9005, -1.3995"
Soulja Boy,rapper,2007,7/28/1990,,,Batesville,,"34.307097, -89.941856"
Mafia K1 Fry,group,1995,,,,Paris,Val-de-Marne,"48.763903, 2.410339"
Bones,rapper,2010,,,,Howell,,"42.606339, -83.932985"
A Tribe Called Quest,group,,,,,New York,Queens,"40.6916, -73.7624"
Chief Keef,producer;rapper,,,,,Chicago,,"41.7784138, -87.617782"
EarthGang,group,2009,,,,Atlanta,,"33.735726, -84.504626"
Yung Berg,rapper;singer,2001,9/9/1985,,,Chicago,,"41.81331, -87.703015"
Gué Pequeno,producer / dj;rapper,1997,12/25/1980,,,Milano,,"45.471562, 9.15859"
The Jacka,rapper,1998,8/12/1977,2015,2/2/2015,Pittsburg,,"38.015785, -121.897252"
Joeystarr,rapper,,,,,Saint-Denis,Cité Président Salvador Allende,"48.9455024, 2.369358"
MC Ren,rapper,,,,,Los Angeles,Compton,"33.8851198, -118.1992392"
Keith Ape,rapper,2012,,,,Seoul,,"37.574814, 126.940791"
Azizi Gibson,rapper,2011,,,,Los Angeles,,"34.094063, -118.283464"
Lucio Bukowski,rapper,2007,,,,Lyon,,"45.769508, 4.831418"
Negatif clan,group,,,,,Bruxelles,Héliport,"50.8620201, 4.351675"
Take A Mic,rapper,2015,,,,Orly,,"48.743699, 2.398081"
Zico,rapper,2011,9/14/1992,,,Seoul,Mapo,"37.556683, 126.904371"
Dead Prez,group,1996,,,,New York,,"40.76276, -73.988828"
Fiend,rapper,1994,5/13/1976,,,New Orleans,,"29.983738, -90.065164"
Triplego,group,2013,,,,Montreuil,Croix de Chavaux,"48.857928, 2.43644"
Infinit,rapper,,,,,Nice,,"43.7031, 7.272876"
Lord Infamous,rapper,1990,11/17/1973,2013,12/20/2013,Memphis,,"35.092953, -90.039561"
Fat Joe,rapper,1992,8/19/1970,,,Bronx,Forest House Projects,"40.824931, -73.903587"
Sir Mix-a-Lot,rapper,1983,8/12/1963,2003,,Seatle,Capitol Hill,"47.6274, -122.316756"
Dej Loaf,rapper;singer,2011,4/8/1991,,,Detroit,Eastside,"42.376697, -82.980146"
Skepta,rapper,2003,9/19/1982,,,Tottenham,,"51.605561, -0.0748"
Mac Tyer,rapper,1999,4/23/1979,,,Aubervilliers,,"48.914508, 2.374911"
2 Bal 2 Neg,group,1996,,2010,,Chelles,Cité Gambetta,"48.879152, 2.592819"
Jeremih,rapper;singer,2008,7/17/1987,,,Chicago,,"41.691289, -87.66404"
Timbaland,producer,1994,3/10/1972,,,Norfolk,,"36.862086, -76.289912"
TTC,group,1999,,2013,,Paris,,"48.847221, 2.289997"
Freeman,rapper,1988,5/9/1972,,,Marseille,Belsunce,"43.29915, 5.376904"
Twista,rapper,1992,11/27/1973,,,North Lawndale,K Town,"41.862441, -87.729848"
Common,rapper,1992,3/13/1972,,,Chicago,Calumet Heights,"41.728333, -87.579722"
50 Cent,rapper,1998,7/6/1975,,,Queens,South Jamaica,"40.668703, -73.77459"
Don Choa,rapper,1994,8/1/1974,,,Marseille,,"43.314352, 5.380504"
Kery James,rapper,1990,12/28/1977,,,Orly,,"48.745477, 2.402475"
Chuck D,producer;rapper,,,,,Long Island,Roosevelt,"40.682377, -73.582796"
Rejjie Snow,rapper,2012,6/27/1993,,,Dublin,Glasnevin and Drumcondra,"53.373572, -6.266754"
Dyno,rapper,,,,,Yverdon-les-Bains,,"46.774592, 6.632218"
Le Rat Luciano,rapper,1992,4/9/1976,,,Marseille,Le panier,"43.298056, 5.367778"
MC Hammer,rapper;singer,1985,,,,Oakland,East Oakland,"37.7433152, -122.1853557"
Sniper,group,1997,,,,Deuil-la-Barre,,"48.970734, 2.325747"
Kevin Gates,rapper,2007,2/5/1986,,,Baton Rouge,,"30.423687, -91.177447"
KRS-One,rapper,,,,,Bronx,South Bronx,"40.819778, -73.916222"
Del the Funky Homosapien,producer;rapper,,,,,Oakland,,"37.7980038, -122.1618747"
Omnikrom,group,,,,,Montréal,,"45.484446, -73.749948"
Demi Portion,rapper,,,,,Sète,L'île de Thau,"43.4134249, 3.6610923"
Caballero,rapper,2011,,,,Bruxelles,,"50.849468, 4.356444"
Elams,rapper,,,,,Marseille,,"43.322863, 5.384598"
Ace Hood,rapper,2006,5/11/1988,,,Deerfield Beach,,"26.295358, -80.117266"
Redman,rapper,,,,,Newark,Brick City,"40.73564, -74.213194"
LIM,rapper,,,,,Boulogne-Billancourt,Pont de Sèvres,"48.829336, 2.2322435"
Fredo Santana,rapper,,,,,Chicago,,"41.779786, -87.644778"
"Michael ""5000"" Watts",producer / dj,1997,,,,Houston,,"29.86388, -95.478563"
Key!,rapper,2013,,,,Atlanta,,"33.740821, -84.338006"
Trina,rapper,1998,12/3/1978,,,Miami,Liberty City,"25.831001, -80.224095"
Big Boi,rapper;singer,1991,2/1/1975,,,Atlanta,East point,"33.684089, -84.43504"
Alibi Montana,rapper,1999,,,,La Courneuve,La cité des 4000,"48.926, 2.38"
Geto Boys,group,1986,,,,Houston,Fifth Ward,"29.776394, -95.327122"
Madlib,producer;rapper,1993,10/24/1973,,,Oxnard,,"34.190963, -119.18559"
GLC,rapper,2003,12/1/1974,,,Chicago,,"41.853561, -87.625539"
Scylla,rapper,2002,,,,Bruxelles,Schaerbeek,"50.875477, 4.381356"
Triptik,group,1994,,,,Paris,,"48.873174, 2.349048"
Lomepal,rapper,2009,,,,Paris,13ème arrondissement,"48.831507, 2.353092"
Isha,rapper,2005,,,,Bruxelles,,"50.858963, 4.366379"
Z-Ro,rapper,1994,1/19/1977,,,Houston,South Park,"29.683343, -95.336695"
Futur Krew,group,1998,,,,Saint Denis,Les Camélias,"-20.895031, 55.460367"
Bryson Tiller,singer,2011,1/2/1993,,,Louisville,,"38.173161, -85.781185"
Valete,rapper,1997,,,,Lisbon,Benfica,"38.752258, -9.201699"
Bigflo & Oli,group,2009,,,,Toulouse,,"43.615345, 1.431123"
Krisy,producer / dj;rapper,2010,,,,Bruxelles,,"50.847483, 4.339205"
Convok,producer / dj;rapper,2006,,,,Bruxelles,,"50.846023, 4.34134"
Yung Simmie,rapper,2011,12/19/1993,,,Miami,,"25.769576, -80.22228"
Pouya,rapper,2012,,,,Miami,,"25.793981, -80.235234"
Vin'S,rapper,,,,,Grenoble,,"45.170472, 5.732298"
Chance the Rapper,producer;rapper;singer,2011,4/16/1993,,,Chicago,West Chatham,"41.744289, -87.628899"
Lil Uzi vert,rapper,2013,7/31/1994,,,Philadelphia,Francisville Neighborhood,"39.970022, -75.166634"
Drake,rapper;singer,,,,,Toronto,Forest Hill,"43.6966656, -79.4237412"
Max B,rapper,,,,,New York,Harlem,"40.805873, -73.946897"
Oxmo Puccino,rapper;singer,,,,,Paris,Danube,"48.8823502, 2.3873334"
Young Jeezy,rapper,,,,,Atlanta,,"33.75431, -84.372149"
Ghislain Poirier,producer,,,,,Montreal,,"45.504921, -73.618425"
Future,rapper,2008,11/20/1983,,,Atlanta,,"33.76054, -84.32415"
Hyacinthe,rapper,2012,,,,Paris,18ème,"48.891192, 2.329376"
Dae Dae,rapper,2015,7/29/1992,,,Atlanta,"Boulevard, Fourth Ward","33.757892, -84.372125"
Famous Dex,rapper,2015,9/6/1993,,,Chicago,,"41.77, -87.636214"
C. Tangana,rapper,2006,7/16/1990,,,Madrid,,"40.384346, -3.717205"
Columbine,group,2014,,,,Rennes,,"48.110966, -1.669917"
Lasco,rapper,2015,,,,Les Lilas,,"48.875823, 2.414324"
9 Zéro,group,2016,,,,Brussels,,"50.879674, 4.338403"
Disiz La Peste,producer / dj;rapper,1999,3/28/1978,,,Évry,Épinettes-Aunettes,"48.618874, 2.432454"
Keith Murray,rapper,1990,10/13/1974,,,New York,Long Island,"40.785627, -73.199804"
Noizy,rapper;singer,2004,9/27/1986,,,London,Woolwich,"51.490012, 0.068954"
Foxy Brown,rapper,1994,9/6/1978,,,New York,Brooklyn,"40.672404, -73.977063"
Action Bronson,rapper,2008,12/2/1983,,,Queens,Flushing,"40.759185, -73.827754"
Danger Mouse,producer / dj,1998,7/29/1977,,,Athens,,"33.955017, -83.380205"
Zaytoven,producer / dj,1997,1/12/1980,,,Atlanta,,"33.744399, -84.346758"
Davodka,rapper,2003,,,,Paris,18th arrondissemen,"48.893315, 2.339418"
Radmo,rapper,,,,,Besançon,Planoise,"47.221512, 5.967567"
Veence Hanao,producer / dj;rapper;singer,2006,,,,Bruxelles,,"50.836837, 4.411452"
Flavor Flav,rapper,,,,,Long Island,Roosevelt,"40.674075, -73.595076"
Rick Ross,rapper,,,,,Miami,Carol City,"25.897749, -80.207326"
Schoolly D,rapper,1984,,2000,,Philadelphia,,"39.961526, -75.19014"
2Pac,rapper,,,,,New York,Harlem,"40.797956, -73.940047"
Mystikal,rapper,1993,9/22/1970,,,New Orleans,,"29.929525, -90.094404"
Lino,rapper,,,,,Villiers-le-Bel,,"49.0, 2.3833"
Too $hort,producer;rapper,,,,,Oakland,,"37.773514, -122.209036"
Enzo Dong,rapper,2006,,,,Naples,Don Guanella,"40.891374, 14.248604"
Jedi Mind Tricks,group,1993,,,,Philadelphia,Clifton Heights,"39.930133, -75.29333"
Les X-Men,group,1996,,,,Paris,Ménilmontant,"48.866676, 2.383136"
Lady Sovereign,rapper,2003,12/19/1985,,,London,Chalkhill Estates,"51.563933, -0.269657"
The Streets,producer / dj;rapper,1994,,2011,,Birmingham,West Heath,"52.396642, -1.957965"
Grems,producer / dj;rapper,1998,10/25/1978,,,Paris,,"48.855452, 2.346578"
Alpha Wann,rapper,2008,,,,Paris,14th,"48.831405, 2.321774"
Taïpan,rapper,2004,,,,Thill,,"49.472725, 5.908164"
Fresh Caen Camps,group,2006,,,,Caen,,"49.180726, -0.370975"
Gaël Faye,rapper;singer,2008,,,,Yvelines,,"48.843966, 1.983584"
Gkr,rapper,,,,,Reykjavik,,"64.123115, -21.822305"
Earl Sweatshirt,producer;rapper,2008,2/24/1994,,,Los Angeles,Santa Monica,"34.031169, -118.461713"
Koopsta Knicca,rapper,1994,4/27/1975,2015,10/9/2015,Memphis,,"35.14056, -90.035626"
Benny B,rapper;singer,1990,12/11/1968,1992,,Bruxelles,Molenbeek-Saint-Jean,"50.854403, 4.329316"
YG,rapper,2009,3/9/1990,,,Los Angeles,Compton,"33.90967, -118.258146"
Nelly,rapper,1993,11/2/1974,,,St. Louis,,"38.636928, -90.225617"
Yo Gotti,rapper,2000,5/19/1981,,,Memphis,Frayser,"35.2175, -90.003333"
RZA,producer;rapper,,,,,New York,Brooklyn,"40.6267, -74.006393"
Migos,group,2010,,,,Lawrenceville,,"33.949977, -83.989804"
Chiens de paille,group,1992,,2010,,Cannes,,"43.561406, 6.995983"
Trick Daddy,producer;rapper,,,,,Miami,Liberty City Square,"25.836111, -80.22"
Meek Mill,rapper,,5/6/1987,,,Philadelphia,,"39.9775341, -75.1320267"
Morsay,rapper,,,,,Paris,Clignancourt,"48.8902463, 2.3346822"
Chris Travis,rapper,,,,,Memphis,,"35.1205339, -90.0377036"
The Pharcyde,group,1989,,,,Los Angeles,South Central,"33.966125, -118.274323"
Ab-Soul,rapper,2002,2/23/1987,,,Los Angeles,Carson,"33.858318, -118.263819"
Jimmy Spicer,rapper,1980,,1990,,New York,Brooklyn,"40.682408, -74.0002"
Beanie Sigel,rapper,1995,3/6/1974,,,Philadelphia,,"39.927645, -75.17561"
Waka Flocka Flame,rapper,2009,5/31/1986,,,Atlanta,Riverdale,"33.562576, -84.413303"
Lethal Bizzle,rapper,2002,9/14/1984,,,London,Walthamstow,"51.585549, -0.020046"
Odezenne,rapper,2005,,,,Bordeaux,,"44.842913, -0.603308"
Ol Kainry,rapper,1996,,,,Évry,Courcouronnes,"48.62302, 2.414986"
Deen Burbigo,rapper,2008,,,,Toulon,,"43.138235, 5.928624"
Pato Pooh,rapper,2002,,,,Stockolm,,"59.332562, 18.083121"
DJ Quik,producer;rapper,,,,,Los Angeles,Compton,"33.88356, -118.2450207"
Evil Pimp,producer;rapper,1996,,,,Cedar Rapids,,"41.957204, -91.558652"
Kodak Black,rapper,,,,,Pompano Beach,Golden Acres,"26.244499, -80.1460351"
Bun B,rapper,,,,,Port Arthur,,"29.8467404, -93.9676072"
Big Hawk,rapper,1992,11/15/1969,2006,5/1/2006,Houston,,"29.621483, -95.340298"
Guizmo,rapper,2011,,,,Paris,Villeneuve-la-Garenne,"48.938373, 2.327838"
MBS,group,1993,,,,Hussein Dey,,"36.73697, 3.100699"
Furax Barbossa,rapper,2004,2/4/1979,,,Toulouse,,"43.631624, 1.468201"
7ARI,rapper,,,,,Rabbat,,"33.987114, -6.824675"
K-Rino,rapper,1993,9/9/1970,,,Houston,South Park,"29.663437, -95.325668"
Mike Will Made It,producer / dj,2005,6/23/1989,,,Marietta,,"33.939509, -84.521117"
Jeff le Nerf,rapper,1997,3/17/1982,,,Grenoble,,"45.189542, 5.707799"
113,group,1994,,2011,,Vitry-sur-Seine,,"48.78979, 2.403053"
Kalash,singer,2003,6/12/1998,,,Fort-de-France,,"14.608947, -61.052733"
James Deano,rapper,2003,11/6/1979,,,Waterloo,,"50.712897, 4.400191"
Alonzo,rapper,1995,7/25/1982,,,Marseille,Le Panier,"43.300699, 5.366829"
Rich Homie Quan,rapper,2012,10/4/1989,,,Atlanta,,"33.7053, -84.3258"
Spoonie Gee,rapper,1975,,,,New York,Harlem,"40.810218, -73.95099"
Médine,rapper,2002,2/24/1983,,,Le Havre,,"49.501545, 0.115902"
Bone Thugs-N-Harmony,group,1991,,,,Cleveland,,"41.485406, -81.658483"
Vald,rapper,2011,7/15/1992,,,Aulnay-sous-Bois,,"48.934982, 2.493237"
Fuzati,producer / dj;rapper,2003,,,,Versailles,,"48.812135, 2.144603"
Butter Bullets,group,2007,,,,Besançon,,"47.234558, 6.024283"
Higher Brothers,group,,,,,Chengdu,,"30.653503, 104.072762"
Kekra,rapper,2015,,,,Hauts-de-Seine,Courbevoie,"48.902102, 2.265845"
Afrika Bambaataa,producer / dj,,4/17/1957,,,Bronx,Bronx River Houses,"40.835033, -73.876652"
Ol' Dirty Bastard,producer;rapper,,11/15/1968,,11/13/2004,New York,Brooklyn,"40.683065, -73.970845"
Chino XL,rapper,1992,4/8/1974,,,New York,Bronx,"40.832285, -73.914407"
Gradur,rapper,,,,,Roubaix,Schweitzer,"50.6700138, 3.1986945"
The Coup,group,,,,,Oakland,,"37.8026292, -122.2718327"
MF Doom,rapper,1988,1/9/1971,,,Long Island,Long Beach,"40.587275, -73.66644"
"Tyler, The Creator",producer;rapper,2007,3/6/1991,,,Los Angeles,Hawthorne,"33.914217, -118.35278"
Rocca,rapper,1997,4/28/1975,,,Paris,Porte de Vanves,"48.827211, 2.305956"
M.I.A.,rapper;singer,2000,7/18/1975,,,Mitcham,Phipps Bridge Estate,"51.405969, -0.182573"
Big K.R.I.T,producer;rapper,2005,8/26/1986,,,Meridian,,"32.3760636, -88.7616572"
Metro Boomin,producer / dj,2010,9/16/1993,,,St Louis,,"38.689452, -90.468687"
Nyzzy Nyce,rapper,2007,1/4/1988,,,Fort Wayne,,"41.074649, -85.108915"
Pee Froiss,group,1993,,,,Dakar,,"14.706702, -17.455826"
Rihanna,singer,2003,2/20/1988,,,Bridgetown,,"13.114441, -59.592148"
Bitsu,rapper,,,,,Toulouse,,"43.61112, 1.459618"
Pimp C,producer;rapper,,12/29/1973,,12/4/2007,Port Arthur,,"29.8627186, -93.9303966"
Salif,rapper,,,,,Boulogne-Billancourt,Pont de Sèvres,"48.8289706, 2.2334914"
IshDARR,rapper,2013,,,,Milwaukee,,"43.089722, -87.92027"
Tory Lanez,rapper;singer,,,,,Toronto,,"43.666488, -79.378138"
Paul Wall,rapper,1998,3/11/1981,,,Houston,,"29.881719, -95.555588"
Pacewon,rapper,1999,,,,Newark,,"40.744422, -74.175222"
Pit Baccardi,rapper,1995,6/9/1978,,,Paris,Ménilmontant,"48.866268, 2.382906"
Desiigner,rapper,2014,,,,Brooklyn,Bedford–Stuyvesant,"40.688132, -73.945766"
Richie Rich,rapper,1986,6/25/1968,,,Oakland,,"37.800256, -122.233585"
Busdriver,producer / dj;rapper,1999,2/12/1978,,,Los Angeles,,"33.997818, -118.309867"
Joke,rapper,2008,10/27/1989,,,Montpellier,,"43.607406, 3.874333"
Assassin,group,1985,,,,Paris,,"48.890533, 2.335072"
Themselves,group,1997,,,,Oakland,,"37.794463, -122.212206"
Fayçal,rapper,2001,,,,Bordeaux,,"45.123558, -0.660833"
Da Guedes,group,1993,,,,Porto Alegre,,"-30.042245, -51.219484"
Hornet La Frappe,rapper,2012,,,,Épinay-sur-Seine,,"48.958782, 2.293878"
Dj Jazzy Jeff,producer,1985,1/22/1965,,,Philadelphia,,"39.97285, -75.22754"
Mac Miller,producer;rapper;singer,2007,1/19/1992,,,Pittsburgh,,"40.451551, -79.9441933"
Snoop Dogg,rapper,,10/20/1971,,,Long beach,,"33.78444, -118.173652"
DJ Paul,producer;rapper,,,,,Memphis,,"35.1394404, -90.0488417"
Alkpote,rapper,,,,,Évry-Courcouronnes,Les Pyramides,"48.6338203, 2.4298817"
Original Flow Mastaz,group,2017,,,,Neuchâtel,,"46.999944, 6.917182"
Kool G Rap,rapper,1986,7/20/1968,,,Queens,LeFrak City,"40.736308, -73.860869"
Diam's,rapper;singer,1996,7/25/1980,2012,,Orsay,Mondétour,"48.680257, 2.181267"
Cam'ron,rapper,1993,2/4/1976,,,New York,Harlem,"40.826607, -73.944868"
Travis Scott,rapper,2008,6/30/1992,,,Houston,Missouri City,"29.582629, -95.543564"
TRU,group,1989,,2005,,New Orleans,,"29.952886, -90.096329"
Yung Lean,rapper,2012,7/18/1996,,,Stockholm,Södermalm,"59.311338, 18.060332"
Orelsan,producer / dj;rapper,2008,8/1/1982,,,Alençon,,"48.431979, 0.083678"
Nakk,rapper,1996,3/30/1976,,,Bobigny,Cité Paul Éluard,"48.907971, 2.443653"
Svinkels,group,1994,,2009,,Paris,,"48.85363, 2.360646"
Jawat!,rapper,2004,,2010,,Zwolle,,"52.512067, 6.094215"
Mos Def,rapper,1994,12/11/1973,,,New York,Brooklyn,"40.696951, -73.919145"
Wu-Tang Clan,group,,,,,New York,Staten Island,"40.614784, -74.094637"
Gucci Mane,rapper,2001,2/12/1980,,,Atlanta,Sun Valley Appartements,"33.713048, -84.327506"
Akhenaton,producer;rapper,,,,,Marseille,Plan-de-Cuques,"43.3641924, 5.4463259"
The-Dream,singer,2001,9/20/1977,,,Atlanta,,"33.765124, -84.396917"
Denzel curry,producer;rapper,,,,,Miami,Carol City,"25.9413812, -80.2573833"
Missy Elliott,rapper,,7/1/1971,,,Portsmouth,,"36.815125, -76.381403"
Dj Yella,,,,,,Los Angeles,Compton,"33.896006, -118.2333217"
Allan Kingdom,rapper;singer,2011,1/6/1994,,,Saint Paul,,"44.909013, -92.961595"
Fabolous,rapper,2000,11/18/1977,,,Brooklyn,Bedford-Stuyvesant,"40.680119, -73.923857"
Admiral T,singer,1993,3/28/1981,,,Pointe-à-Pitre,Boissard,"16.244404, -61.531287"
Lacraps,rapper,2013,,,,Montpellier,,"43.605666, 3.86884"
Manza Abdeslam,rapper,,,,,Bruxelles,,"50.855179, 4.346122"
Ninho,rapper,2013,,,,Yerres,,"48.706067, 2.483581"
Dj Premier,producer / dj,1984,3/21/1966,,,New york,Brooklyn,"40.675853, -73.94279"
Krizz Kaliko,rapper;singer,2000,3/7/1974,,,Kansas City,,"39.04787, -94.573007"
Ty Dolla $ign,rapper,2006,4/13/1985,,,Los Angeles,Crenshaw,"34.006194, -118.341255"
Dom Kennedy,rapper,2008,8/22/1984,,,Los Angeles,Leimert Park,"34.011436, -118.323207"
Stormzy,rapper,2010,7/26/1993,,,London,Thornton Heath,"51.399022, -0.107227"
Nesbeal,rapper,1999,8/16/1978,,,Villiers-sur-Marne,Hautes-Noues,"48.835658, 2.535869"
Shystie,rapper,2004,12/25/1983,,,Hackney,Northwold estate,"51.562554, -0.060929"
Dj Khaled,producer / dj;rapper,1998,11/26/1975,,,Miami,,"25.932657, -80.274584"
8Ball & MJG,group,1991,,,,Memphis,,"35.078121, -89.852682"
Mala,rapper,1999,,,,Boulogne-Billancourt,Pont de Sèvres,"48.830121, 2.234341"
Lupe Fiasco,rapper,2000,2/16/1982,,,Chicago,Harvey,"41.6181, -87.6434"
Big Daddy Kane,rapper,,10/10/1968,,,Brooklyn,Bedford Stuyvesant,"40.686695, -73.946079"
Rohff,rapper,1998,12/15/1977,,,Vitry-sur-Seine,Cité Robespierre,"48.791011, 2.38936"
Dr. Dre,rapper,,,,,Los Angeles,Compton,"33.893247, -118.25683"
Young Thug,rapper,,,,,Atlanta,,"33.524444, -84.354167"
D double E,rapper,2003,,,,East London,Newham,"51.542832, 0.026393"
L'or du commun,group,2013,,,,Bruxelles,Boisfort,"50.796134, 4.418411"
Yung Light,rapper,2012,1/24/1995,,,Thessaloniki,,"40.634343, 22.941988"
$uicideboy$,group,2014,,,,New Orleans,,"29.953031, -90.131997"
The Opposites,group,2004,,,,Amsterdam,,"52.374221, 4.901242"
Mac Dre,producer;rapper,,,,,Vallejo,Country Club Crest,"38.1468556, -122.2386108"
Arabian Prince,producer;rapper,1980,6/17/1965,,,Los Angeles,,"33.9540723, -118.3636301"
Nekfeu,rapper,2007,4/3/1990,,,Paris,,"48.842815, 2.293215"
Wiz Khalifa,rapper,2005,9/8/1987,,,Pittsburgh,,"40.3875316, -79.9013383"
Pusha T,rapper,1992,5/13/1977,,,Virginia Beach,,"36.8853221, -75.9921208"
Bankroll Fresh,rapper,,,,,Atlanta,,"33.73948, -84.39888"
Lil Jon,rapper,,,,,Atlanta,,"33.761173, -84.46813"
Lil' Flip,rapper,1999,3/3/1981,,,Houston,Cloverland,"29.633018, -95.364623"
Lil' Keke,rapper,1993,3/23/1976,,,Houston,,"29.66094, -95.368082"
Trae Tha Truth,rapper,1998,7/3/1980,,,Houston,,"29.674552, -95.363456"
Jumo Barjo,group,,,,,Bruxelles,Porte de Namur,"50.838182, 4.362032"
Childish Gambino,producer / dj;rapper;singer,2002,9/25/1983,,,Stone Mountain,,"33.805348, -84.173765"
Mia X,rapper,1992,1/9/1970,,,New Orleans,7th Ward,"29.976238, -90.065521"
Sinik,rapper,1996,6/26/1980,2017,,Les Ulis,Cité des Hautes Bergères,"48.684966, 2.168392"
André 3000,rapper;singer,1991,5/27/1975,,,Atlanta,,"33.859537, -84.375569"
Ma$e,rapper,1993,8/27/1975,,,New York,Harlem,"40.817315, -73.940188"
Bisso na Bisso,group,1999,,,,Paris,,"48.907246, 2.336719"
Slim Thug,rapper,1998,9/8/1980,,,Houston,Scenic Woods,"29.860766, -95.301123"
Marracash,rapper,2003,,,,Milano,Barona,"45.437469, 9.154857"
Ice Top,group,,,,,Ulaanbaatar,,"47.906587, 106.891649"
J.I.D.,rapper,2014,,,,East Atlanta,,"33.736491, -84.338887"
Kool Keith,rapper,1984,10/7/1966,,,New York,Bronx,"40.844672, -73.882479"
Positive Black Soul,group,1989,,,,Dakar,,"14.776316, -17.383478"
Big Moe,rapper,1993,8/20/1974,2007,10/14/2007,Houston,,"29.722827, -95.354919"
Lil Yachty,rapper,2015,8/23/1997,,,Atlanta,Austell,"33.815649, -84.641416"
Sinya,rapper,2017,8/5/1995,,,Perpignan,Toulouges,"42.670169, 2.831146"
Chamillionaire,rapper,1997,11/28/1979,,,Houston,,"29.88786, -95.570445"
Tiers Monde,rapper,2003,,,,Le Havre,Mont Gaillard,"49.526292, 0.109944"
Daara J,group,1993,,,,Dakar,,"14.751269, -17.467866"
Swift Gad,rapper,2011,,,,Montreuil,Croix de Chavaux,"48.859502, 2.434101"
Master P,rapper,1988,,,,New Orleans,Caliope Projects,"29.950556, -90.092222"
Jadakiss,rapper,1991,5/27/1975,,,New York,Yonkers,"40.950239, -73.889011"
Wale,rapper;singer,2006,9/21/1984,,,Montgomery County,,"39.14, -77.2"
Dosseh,rapper,2004,1/26/1985,,,Orlean,,"47.903533, 1.868374"
Kool Moe Dee,rapper,1980,8/8/1962,,,New York,Harlem,"40.811703, -73.955721"
Jul,producer;rapper;singer,2013,1/14/1990,,,Marseille,Saint-Jean du Désert,"43.303939, 5.409637"
Freeway,rapper,2000,8/6/1978,,,Philadelphia,,"40.007635, -75.141924"
Sole,rapper,1992,9/25/1977,,,Portland,,"45.548719, -122.649736"
Sido,rapper,1997,11/30/1980,,,Berlin,Märkische Viertel,"52.596998, 13.354039"
MoTrip,rapper,2011,3/7/1988,,,Aachen,Blücherplatz,"50.779529, 6.102044"
Kurtis Blow,rapper,,,,,New York,Harlem,"40.81573, -73.94133"
Melan,rapper,2012,,,,Toulouse,,"43.577428, 1.471291"
Chilla,rapper,2013,,,,Gex,,"46.333132, 6.060867"
John Cruipy,rapper,2015,,,,Bruxelles,Bockstael,"50.878883, 4.347943"
Birdman,rapper,,2/15/1969,,,New Orleans,,"29.959346, -90.104417"
Ghostface Killah,rapper,,,,,Stapleton,Staten Island,"40.626667, -74.077778"
Juicy P,rapper,,,,,Grigny,La Grande Borne,"48.653538, 2.372164"
Yoon Mi Rae,rapper;singer,1997,5/31/1981,,,Fort Hood,,"31.194718, -97.769074"
Watsky,rapper,2006,9/15/1986,,,San Francisco,,"37.790943, -122.445392"
Ksir Makoza,rapper,1992,,,,Marseille,,"43.363585, 5.36859"
Mafia Trece,group,1996,,1999,,Paris,Triangle de Choisy,"48.821897, 2.365793"
Mike Jones,rapper,2001,11/18/1981,,,Houston,,"29.792792, -95.388161"
S.Pri Noir,rapper,2012,,,,Paris,Fougères,"48.871915, 2.410277"
Droogz Brigade,group,2008,,,,Toulouse,,"43.582029, 1.458244"
Sfera Ebbasta,rapper,2013,,,,Milano,,"45.501949, 9.169834"
Gunplay,rapper,,,,,Miami,Carol City,"25.927072, -80.289421"
Lil Bibby,rapper,,,,,Chicago,,"41.7078783, -87.5700404"
2 Chainz,rapper,,,,,Atlanta,,"33.648333, -84.456111"
CNN199,group,2003,,,,Bruxelles,,"50.86441, 4.377086"
Aesop Rock,producer / dj;rapper,1996,6/5/1976,,,Long Island,Northport,"40.879038, -73.340404"
Massive Töne,group,1991,,2006,,Stuttgart,,"48.777536, 9.179257"
ATK,group,1995,,,,Paris,12th Arrondissement,"48.847175, 2.408019"
Iceberg Black,producer / dj;rapper,2014,,,,Brooklyn,Crown Heights,"40.670641, -73.943575"
O.T. Genasis,rapper,2011,6/19/1987,,,Long Beach,,"33.796106, -118.193809"
Expression Direkt,group,1994,,2012,,Mantes la jolie,,"48.996195, 1.700346"
Youssoupha,rapper,1999,8/29/1979,,,Satrouville,,"48.93645, 2.163864"
Keny arkana,rapper,1996,12/20/1982,,,Marseille,,"43.309782, 5.390296"
Driver,rapper,1990,,,,Sarcelle,,"48.981097, 2.386947"
Kalash Criminel,rapper,2016,,,,Sevran,Rougemont,"48.936965, 2.524996"
Luke,producer / dj;rapper,1981,12/22/1959,2010,,Miami,,"25.812905, -80.13949"
Puff Daddy,rapper,1990,11/4/1969,,,New York,Bronx,"40.898543, -73.842981"
Black Moon,group,1992,,2006,,New York,Brooklyn,"40.695718, -73.917474"
Joey bada$$,rapper;singer,2010,1/20/1995,,,Brooklyn,Bedford–Stuyvesant,"40.688889, -73.944444"
Coolio,rapper,1987,8/1/1963,,,Los Angeles,Compton,"33.874362, -118.211126"
Lauryn Hill,rapper;singer,1991,5/26/1975,,,South Orange,,"40.735581, -74.265698"
Raekwon,rapper,,,,,Staten Island,Clifton,"40.620278, -74.0775"
Aaliyah,singer,1991,1/16/1979,2001,8/25/2001,Detroit,,"42.417139, -83.138337"
A$AP Ferg,rapper,2007,10/20/1988,,,Harlem,Hamilton Heights,"40.825389, -73.949062"
Naughty by Nature,group,1988,,2002,,East Orange,,"40.757701, -74.213997"
Mannie Fresh,producer;rapper,1987,3/20/1969,,,New Orleans,,"29.949158, -90.1183"
Devin the Dude,rapper,1992,6/4/1970,,,Houston,,"29.761053, -95.406208"
Cypress Hill,group,1990,,,,Los Angeles,South Gate,"33.943882, -118.204613"
EPMD,group,1986,,1999,,New York,Brentwood,"40.783719, -73.249082"
Robb Bank$,rapper,2011,9/24/1994,,,Coral Springs,,"26.284915, -80.21448"
Stomy Bugsy,rapper,1991,5/21/1972,,,Sarcelle,,"48.974476, 2.372283"
Casey,rapper,1995,,,,Blanc-Mesnil,,"48.942213, 2.466131"
Jay Z,rapper,1986,12/4/1969,,,Brooklyn,Bedford-Stuyvesant,"40.699153, -73.952231"
French Montana,rapper,2002,11/9/1984,,,New York,South Bronx,"40.8172437, -73.9251209"
Ludacris,rapper,1998,9/11/1977,,,Atlanta,College Park,"33.65484, -84.453453"
Soprano,rapper;singer,1995,1/14/1979,,,Marseille,Balustres,"43.338434, 5.422224"
GZA,rapper,,8/22/1966,,,New York,Brooklyn,"40.641897, -74.01394"
Jean Grae,rapper,,,,,New York,Chelsea,"40.744391, -73.996943"
T.I.,rapper;singer,,,,,Atlanta,,"33.770165, -84.461894"
Movez'Lang,group,1995,,2012,,Boulogne Billancourt,Pont de Sèvres,"48.828274, 2.231283"
Niska,rapper,2013,4/6/1990,,,Évry,Champtier-du-Coq,"48.636821, 2.437588"
Young M.A,rapper,2012,,,,New York,Brooklyn,"40.627293, -73.941395"
Yvon Krevé,rapper,2000,,,,Montreal,,"45.42492, -73.616835"
Jimmy Wopo,rapper,2015,1/13/1997,,,Pittsburgh,Hill District,"40.445019, -79.980578"
Tortoz,producer / dj;rapper,2015,,,,Grenoble,,"45.176295, 5.725842"
Eloquence,rapper,2003,,,,Evry,,"48.633044, 2.440871"
Mister you,rapper,2003,2/5/1984,,,Paris,Belleville,"48.871907, 2.38862"
Devlin,rapper,2006,5/7/1989,,,London,Dagenham,"51.541038, 0.121572"
R. Kelly,singer,1989,1/8/1967,,,Chicago,Bronzeville,"41.824374, -87.613577"
Silkk the Shocker,rapper,1991,6/18/1976,,,New Orleans,Calliope Projects,"29.951165, -90.093223"
Loyle Carner,rapper,2012,,,,London,South Croydon,"51.354824, -0.098422"
Die Antwoord,group,2008,,,,Cape Town,,"-33.863259, 18.594231"
Portavoz,rapper,2000,,,,Santiago de Chile,Conchalí,"-33.382835, -70.679302"
Démocrates D,group,1991,,2002,,Montfermeil,Les bosquets,"48.903308, 2.558682"
Cormega,rapper,1990,4/26/1970,,,Brooklyn,,"40.664684, -73.955178"
Nemir,rapper,2009,,,,Perpignan,St-Jacques,"42.698712, 2.905447"
Hamza,producer / dj;rapper,2013,,,,Bruxelles,Bockstael,"50.877058, 4.342225"
Skinny Pimp,rapper,1990,,,,Memphis,Dixies Home,"35.1466236, -90.0280662"
Nate Dogg,rapper;singer,1991,8/19/1969,2011,3/15/2011,Los Angeles,Longbeach,"33.782685, -118.145006"
Eazy-E,rapper,,,,,Los Angeles,Compton,"33.8850635, -118.2010406"
Rim'K,rapper,1994,6/21/1978,,,Vitry-sur-Seine,Cité Camille Groult,"48.786546, 2.394227"
Xzibit,rapper,1995,9/18/1974,,,Detroit,,"42.352718, -83.023499"
Slick Rick,rapper,,,,,New York,Bronx,"40.813457, -73.917884"
SCH,rapper,2015,4/6/1993,,,Aubagne,,"43.289909, 5.561181"
IAM,group,1989,,,,Marseille,,"43.313878, 5.411457"
Kaaris,producer;rapper,,,,,Sevran,Rougemont,"48.9350964, 2.5132507"
Vince Staples,rapper,2010,7/2/1993,,,Long Beach,Ramona Park,"33.868639, -118.15359"
J Dilla,producer,1993,2/7/1974,2006,2/10/2006,Detroit,,"42.425793, -83.070953"
Scarface,rapper,1988,11/9/1970,,,Houston,,"29.641606, -95.367102"
Psy 4 de la rime,group,1995,,2015,,Marseille,Cité du Plan d'Aou,"43.3686717, 5.3533533"
Danny Brown,rapper,2002,3/16/1981,,,Detroit,Hamtramck,"42.402115, -83.06447"
Suprême NTM,group,1989,,2001,,Saint-Denis,,"48.944615, 2.377206"
Akon,rapper;singer,2003,4/16/1973,,,Jersey City,,"40.726127, -74.071806"
Iamsu!,producer / dj;rapper;singer,2007,11/16/1989,,,Pinole,,"37.991, -122.286"
La Rumeur,group,1997,,,,Élancourt,,"48.76944, 1.953664"
Romeo Elvis,rapper,2012,,,,Bruxelles,Linkebeek,"50.770863, 4.34309"
The Notorious B.I.G.,rapper,1992,5/21/1972,1997,3/9/1997,Brooklyn,Clinton Hill,"40.683529, -73.964148"
Nas,rapper,,,,,Queens,Queensbridge,"40.755194, -73.945333"
Rakim,rapper,,,,,New York,Wyandanch,"40.7251749, -73.3655864"
Zoxea,rapper,,,,,Boulogne Billancourt,Casteja,"48.8305624, 2.2367953"
Outkast,group,,,,,Atlanta,,"33.676111, -84.451389"
Craig Mack,rapper,1988,5/10/1971,,,New York,Brentwood,"40.768558, -73.222561"
La Clinique,group,1995,,2004,,Paris,,"48.892194, 2.363829"
Kacem Wapalek,rapper,2009,,,,Lyon,,"45.745237, 4.839238"
13 Block,group,2014,,,,Sevran,,"48.929103, 2.533054"
Bejo,rapper,2006,,,,Santa Cruz de Tenerife,,"28.466467, -16.255821"
Sobre,rapper,2005,,,,Caen,,"49.190457, -0.385134"
